name,collection,src
Button Up Shirt in Navy,button up,https://cdn.shopify.com/s/files/1/0628/7304/3159/products/2014_11_3_Addis_Look15_02.jpg?v=1645892383
Button Up Shirt in Navy,button up,https://cdn.shopify.com/s/files/1/0628/7304/3159/products/2014_11_3_Addis_Look15_03.jpg?v=1645892383
Button Up Shirt in Navy,button up,https://cdn.shopify.com/s/files/1/0628/7304/3159/products/2014_11_3_Addis_Look15_04.jpg?v=1645892383
Button Up Shirt in Navy,button up,https://cdn.shopify.com/s/files/1/0628/7304/3159/products/2014_11_3_Addis_Look15_01.jpg?v=1645892383
Broken Leather Bomber in Black,jacket,https://cdn.shopify.com/s/files/1/0628/7304/3159/products/2014-08-25_Matt_Look_018.jpg?v=1645892911
Broken Leather Bomber in Black,jacket,https://cdn.shopify.com/s/files/1/0628/7304/3159/products/2014-08-25_Matt_Look_020.jpg?v=1645892911
Broken Leather Bomber in Black,jacket,https://cdn.shopify.com/s/files/1/0628/7304/3159/products/2014-08-25_Matt_Look_019.jpg?v=1645892911
Broken Leather Bomber in Black,jacket,https://cdn.shopify.com/s/files/1/0628/7304/3159/products/2014-08-25_Matt_Look_022.jpg?v=1645892911
Broken Leather Bomber in Black,jacket,https://cdn.shopify.com/s/files/1/0628/7304/3159/products/products_socks_17477_b.jpg?v=1645892928
Black Long Sleeves,shirt,https://cdn.shopify.com/s/files/1/0628/7304/3159/products/2014-10-10_Addis_Look_13_05.jpg?v=1645892968
Black Long Sleeves,shirt,https://cdn.shopify.com/s/files/1/0628/7304/3159/products/2014-10-10_Addis_Look_13_03.jpg?v=1645892968
Black Long Sleeves,shirt,https://cdn.shopify.com/s/files/1/0628/7304/3159/products/2014-10-10_Addis_Look_13_04.jpg?v=1645892968
Blue Long Sleeves,shirt,https://cdn.shopify.com/s/files/1/0628/7304/3159/products/2014-08-25_Matt_Look_041.jpg?v=1645893189
Blue Long Sleeves,shirt,https://cdn.shopify.com/s/files/1/0628/7304/3159/products/2014-08-25_Matt_Look_040.jpg?v=1645893189
Blue Long Sleeves,shirt,https://cdn.shopify.com/s/files/1/0628/7304/3159/products/2014-08-25_Matt_Look_043.jpg?v=1645893189
Light Blue Button Up,button up,https://cdn.shopify.com/s/files/1/0628/7304/3159/products/2014-09-04_Addis_Look_11_32.jpg?v=1645893193
Light Blue Button Up,button up,https://cdn.shopify.com/s/files/1/0628/7304/3159/products/2014-09-04_Addis_Look_11_34.jpg?v=1645893193
Light Blue Button Up,button up,https://cdn.shopify.com/s/files/1/0628/7304/3159/products/2014-09-04_Addis_Look_11_35.jpg?v=1645893193
Cashmere Tassel Blanket in Brown,accessory,https://cdn.shopify.com/s/files/1/0628/7304/3159/products/IMG_7031_1024x1024_56f058ba-8925-4432-9d80-e684c7bad347.jpg?v=1645893921
Cashmere Tassel Blanket in Brown,accessory,https://cdn.shopify.com/s/files/1/0628/7304/3159/products/IMG_7035.jpg?v=1645893921
Cashmere Tassel Blanket in Brown,accessory,https://cdn.shopify.com/s/files/1/0628/7304/3159/products/IMG_7039.jpg?v=1645893921
Cashmere Tassel Blanket in Brown,accessory,https://cdn.shopify.com/s/files/1/0628/7304/3159/products/IMG_7034.jpg?v=1645893921
Bali Pant,pant,https://cdn.shopify.com/s/files/1/0628/7304/3159/products/2015-06-04-Matt_Look9_20676_22935.jpg?v=1645894082
Bali Pant,pant,https://cdn.shopify.com/s/files/1/0628/7304/3159/products/2015-06-04-Matt_Look9_20676_22946.jpg?v=1645894082
Bali Pant,pant,https://cdn.shopify.com/s/files/1/0628/7304/3159/products/2015-06-04-Matt_Look9_20676_22932.jpg?v=1645894082
Bali Pant,pant,https://cdn.shopify.com/s/files/1/0628/7304/3159/products/2015-06-04-Matt_Look9_20691_22957_61d935ea-d4e5-4596-ad61-92bcd1506403.jpg?v=1645894082
Carsten Gab Shirt,shirt,https://cdn.shopify.com/s/files/1/0628/7304/3159/products/2015-06-04-Matt_Look6_20705_22870.jpg?v=1645894109
Carsten Gab Shirt,shirt,https://cdn.shopify.com/s/files/1/0628/7304/3159/products/2015-06-04-Matt_Look6_20705_22874.jpg?v=1645894109
Carsten Gab Shirt,shirt,https://cdn.shopify.com/s/files/1/0628/7304/3159/products/2015-06-04-Matt_Look6_20705_22874_copy.jpg?v=1645894109
Carsten Gab Shirt,shirt,https://cdn.shopify.com/s/files/1/0628/7304/3159/products/2015-06-04-Matt_Look6_20705_22870_copy.jpg?v=1645894109
Carsten Gab Shirt,shirt,https://cdn.shopify.com/s/files/1/0628/7304/3159/products/2015-06-04-Matt_Look6_20705_22866.jpg?v=1645894109
Cargo Pant brown,pant,https://cdn.shopify.com/s/files/1/0628/7304/3159/products/2015-03-30_Jake_Look_06_21714_16413.jpg?v=1645894771
Cargo Pant brown,pant,https://cdn.shopify.com/s/files/1/0628/7304/3159/products/2015-03-30_Jake_Look_06_21714_16402.jpg?v=1645894771
Cargo Pant brown,pant,https://cdn.shopify.com/s/files/1/0628/7304/3159/products/2015-03-30_Jake_Look_06_21714_16408.jpg?v=1645894771
Cargo Pant brown,pant,https://cdn.shopify.com/s/files/1/0628/7304/3159/products/2015-03-30_Jake_Look_06_21714_16409.jpg?v=1645894771
Cargo Pant brown,pant,https://cdn.shopify.com/s/files/1/0628/7304/3159/products/2015-03-30_Jake_Look_06_21714_16410.jpg?v=1645894771
Cargo Pant brown,pant,https://cdn.shopify.com/s/files/1/0628/7304/3159/products/2015-03-30_Jake_Look_06_21714_16415.jpg?v=1645894771
Cargo Pant Black,pant,https://cdn.shopify.com/s/files/1/0628/7304/3159/products/2015-03-30_Jake_Look_17_23376_16550_ee0846f2-4e11-41f8-a944-7609795ceb95.jpg?v=1645894780
Cargo Pant Black,pant,https://cdn.shopify.com/s/files/1/0628/7304/3159/products/2015-03-30_Jake_Look_17_23376_16555_f4bec9a7-a5ee-4fbb-bece-68c96acd7286.jpg?v=1645894780
Cargo Pant Black,pant,https://cdn.shopify.com/s/files/1/0628/7304/3159/products/2015-03-30_Jake_Look_18_21754_16566.jpg?v=1645894780
Cargo Pant Black,pant,https://cdn.shopify.com/s/files/1/0628/7304/3159/products/2015-03-30_Jake_Look_18_21754_16567_2b9ff318-3b83-4c9b-8896-2b26123dd919.jpg?v=1645894780
White Shirt,shirt,https://cdn.shopify.com/s/files/1/0628/7304/3159/products/2015-03-30_Jake_Look_20_21758_16593.jpg?v=1645894847
White Shirt,shirt,https://cdn.shopify.com/s/files/1/0628/7304/3159/products/2015-03-30_Jake_Look_20_21758_16592.jpg?v=1645894847
White Shirt,shirt,https://cdn.shopify.com/s/files/1/0628/7304/3159/products/2015-03-30_Jake_Look_20_21758_16594.jpg?v=1645894847
White Shirt,shirt,https://cdn.shopify.com/s/files/1/0628/7304/3159/products/2015-03-30_Jake_Look_20_21758_16596.jpg?v=1645894847
White Shirt,shirt,https://cdn.shopify.com/s/files/1/0628/7304/3159/products/2015-03-30_Jake_Look_21_23172_16607.jpg?v=1645894847
Black Button Up,button up,https://cdn.shopify.com/s/files/1/0628/7304/3159/products/2015-03-30_Jake_Look_29_23393_16710.jpg?v=1645894854
Black Button Up,button up,https://cdn.shopify.com/s/files/1/0628/7304/3159/products/2015-03-30_Jake_Look_29_23393_16713.jpg?v=1645894854
Black Button Up,button up,https://cdn.shopify.com/s/files/1/0628/7304/3159/products/2015-03-30_Jake_Look_29_23393_16716.jpg?v=1645894854
Black Button Up,button up,https://cdn.shopify.com/s/files/1/0628/7304/3159/products/2015-03-30_Jake_Look_30_21761_16730.jpg?v=1645894854
Bro Belt in Leather,accessory,https://cdn.shopify.com/s/files/1/0628/7304/3159/products/Look_02_21883_0192.jpg?v=1645894982
Bro Belt in Leather,accessory,https://cdn.shopify.com/s/files/1/0628/7304/3159/products/Look_02_21883_0202.jpg?v=1645894982
Bro Belt in Leather,accessory,https://cdn.shopify.com/s/files/1/0628/7304/3159/products/Look_02_21883_0210.jpg?v=1645894982
Bro Belt in Leather,accessory,https://cdn.shopify.com/s/files/1/0628/7304/3159/products/Look_02_21883_0201.jpg?v=1645894982
Balda Pant in Drop Crotch,pant,https://cdn.shopify.com/s/files/1/0628/7304/3159/products/1-26-15_Addis_Look_13_21899_0712.jpg?v=1645894996
Balda Pant in Drop Crotch,pant,https://cdn.shopify.com/s/files/1/0628/7304/3159/products/1-26-15_Addis_Look_13_21899_0708.jpg?v=1645894996
Balda Pant in Drop Crotch,pant,https://cdn.shopify.com/s/files/1/0628/7304/3159/products/1-26-15_Addis_Look_13_21899_0727.jpg?v=1645894996
Balda Pant in Drop Crotch,pant,https://cdn.shopify.com/s/files/1/0628/7304/3159/products/1-26-15_Addis_Look_13_21899_0730.jpg?v=1645894996
Business Jacket,jacket,https://cdn.shopify.com/s/files/1/0628/7304/3159/products/2015-02-15_Addis_Look_13_30276_4258.jpg?v=1645895358
Business Jacket,jacket,https://cdn.shopify.com/s/files/1/0628/7304/3159/products/2015-02-15_Addis_Look_13_30276_4251_dda71af2-b50e-4ee1-aa4a-14d967e809aa.jpg?v=1645895358
Business Jacket,jacket,https://cdn.shopify.com/s/files/1/0628/7304/3159/products/2015-02-15_Addis_Look_13_30276_4252.jpg?v=1645895358
Business Jacket,jacket,https://cdn.shopify.com/s/files/1/0628/7304/3159/products/2015-02-15_Addis_Look_13_30276_4265.jpg?v=1645895358
Business Jacket,jacket,https://cdn.shopify.com/s/files/1/0628/7304/3159/products/2015-02-15_Addis_Look_13_30276_4269.jpg?v=1645895358
Business Jacket,jacket,https://cdn.shopify.com/s/files/1/0628/7304/3159/products/2015-02-15_Addis_Look_13_30276_4290.jpg?v=1645895358
Super Duper Hats Grey,hat,https://cdn.shopify.com/s/files/1/0628/7304/3159/products/2015-02-15_Addis_Look_13_30276_4290_c6bd1a0a-7f75-4a61-95a7-db32defdbd08.jpg?v=1645895484
Super Duper Hats Grey,hat,https://cdn.shopify.com/s/files/1/0628/7304/3159/products/2015-02-13_Product_02_30513_3341.jpg?v=1645895484
Super Duper Hats Grey,hat,https://cdn.shopify.com/s/files/1/0628/7304/3159/products/2015-02-13_Product_02_30513_3343.jpg?v=1645895484
Super Duper Hats Grey,hat,https://cdn.shopify.com/s/files/1/0628/7304/3159/products/2015-02-13_Product_02_30513_3402.jpg?v=1645895484
Super Duper Hats Baige,hat,https://cdn.shopify.com/s/files/1/0628/7304/3159/products/2015-02-15_Addis_Look_14_hat_4297.jpg?v=1645895493
Super Duper Hats Baige,hat,https://cdn.shopify.com/s/files/1/0628/7304/3159/products/2015-02-13_Product_01_30516_3330.jpg?v=1645895493
Super Duper Hats Baige,hat,https://cdn.shopify.com/s/files/1/0628/7304/3159/products/2015-02-13_Product_01_30516_3332.jpg?v=1645895493
Super Duper Hats Baige,hat,https://cdn.shopify.com/s/files/1/0628/7304/3159/products/2015-02-13_Product_01_30516_3409.jpg?v=1645895493
Basic Tie Black,tie,https://cdn.shopify.com/s/files/1/0628/7304/3159/products/2015-05-08_Laydown_Look16_30830_21711.jpg?v=1645895799
Basic Tie Black,tie,https://cdn.shopify.com/s/files/1/0628/7304/3159/products/2015-05-08_Laydown_Look16_30830_21712.jpg?v=1645895799
Basic Tie Black,tie,https://cdn.shopify.com/s/files/1/0628/7304/3159/products/2015-05-08_Laydown_Look16_30830_21716.jpg?v=1645895799
Basic Tie Navy,tie,https://cdn.shopify.com/s/files/1/0628/7304/3159/products/2015-05-08_Laydown_Look15_30831_21706.jpg?v=1645895806
Basic Tie Navy,tie,https://cdn.shopify.com/s/files/1/0628/7304/3159/products/2015-05-08_Laydown_Look15_30831_21707.jpg?v=1645895806
Basic Tie Navy,tie,https://cdn.shopify.com/s/files/1/0628/7304/3159/products/2015-05-08_Laydown_Look15_30831_21708.jpg?v=1645895806
Basic Tie Navy,tie,https://cdn.shopify.com/s/files/1/0628/7304/3159/products/2015-05-08_Laydown_Look15_30831_21709.jpg?v=1645895806
Basic Tie Navy,tie,https://cdn.shopify.com/s/files/1/0628/7304/3159/products/2015-04-03_Jake_Look_16_30709_18157_a9372e2f-bcd6-42c3-8b46-c8aea873ed86.jpg?v=1645895806
Basic Tie Navy,tie,https://cdn.shopify.com/s/files/1/0628/7304/3159/products/2015-04-03_Jake_Look_16_30709_18160_5ff0388b-1781-4a14-9e66-89e05b8afbe6.jpg?v=1645895806
Basic Tie Grey,tie,https://cdn.shopify.com/s/files/1/0628/7304/3159/products/2015-05-08_Laydown_Look14_30832_21699.jpg?v=1645895812
Basic Tie Grey,tie,https://cdn.shopify.com/s/files/1/0628/7304/3159/products/2015-05-08_Laydown_Look14_30832_21700.jpg?v=1645895812
Basic Tie Grey,tie,https://cdn.shopify.com/s/files/1/0628/7304/3159/products/2015-05-08_Laydown_Look14_30832_21701.jpg?v=1645895812
Basic Tie Grey,tie,https://cdn.shopify.com/s/files/1/0628/7304/3159/products/2015-05-08_Laydown_Look14_30832_21702.jpg?v=1645895813
Basic Tie Grey,tie,https://cdn.shopify.com/s/files/1/0628/7304/3159/products/2015-04-03_Jake_Look_18_32072_18207.jpg?v=1645895813
Basic Tie Grey,tie,https://cdn.shopify.com/s/files/1/0628/7304/3159/products/2015-03-06_Addis_Look_06_30833_9973_8a1962af-a0eb-47de-be4e-b454f9f1f84e.jpg?v=1645895813
Basic Cotton Button Up,button up,https://cdn.shopify.com/s/files/1/0628/7304/3159/products/2015-04-03_Jake_Look_16_30709_18154.jpg?v=1645895816
Basic Cotton Button Up,button up,https://cdn.shopify.com/s/files/1/0628/7304/3159/products/2015-04-03_Jake_Look_16_30709_18161.jpg?v=1645895816
Basic Cotton Button Up,button up,https://cdn.shopify.com/s/files/1/0628/7304/3159/products/2015-04-03_Jake_Look_16_30709_18157.jpg?v=1645895816
Basic Cotton Button Up,button up,https://cdn.shopify.com/s/files/1/0628/7304/3159/products/2015-04-03_Jake_Look_16_30709_18158.jpg?v=1645895816
British Officer's Shirt,shirt,https://cdn.shopify.com/s/files/1/0628/7304/3159/products/2015-04-03_Jake_Look_17_32013_18171.jpg?v=1645896108
British Officer's Shirt,shirt,https://cdn.shopify.com/s/files/1/0628/7304/3159/products/2015-04-03_Jake_Look_17_32013_18180.jpg?v=1645896108
British Officer's Shirt,shirt,https://cdn.shopify.com/s/files/1/0628/7304/3159/products/2015-04-03_Jake_Look_17_32013_18178.jpg?v=1645896108
British Officer's Shirt,shirt,https://cdn.shopify.com/s/files/1/0628/7304/3159/products/2015-04-03_Jake_Look_17_32013_18173.jpg?v=1645896108
Block Scarf,accessory,https://cdn.shopify.com/s/files/1/0628/7304/3159/products/2015-07-08_Laydown_32093_24565.jpg?v=1645896199
Block Scarf,accessory,https://cdn.shopify.com/s/files/1/0628/7304/3159/products/2015-07-08_Laydown_32093_24563.jpg?v=1645896199
Block Scarf,accessory,https://cdn.shopify.com/s/files/1/0628/7304/3159/products/2015-07-08_Laydown_32093_24567.jpg?v=1645896199
Canvas Trouser,pant,https://cdn.shopify.com/s/files/1/0628/7304/3159/products/2015-03-30_Jake_Look_14_23257_16498.jpg?v=1645896398
Canvas Trouser,pant,https://cdn.shopify.com/s/files/1/0628/7304/3159/products/2015-03-30_Jake_Look_14_23257_16503.jpg?v=1645896398
Canvas Trouser,pant,https://cdn.shopify.com/s/files/1/0628/7304/3159/products/2015-03-30_Jake_Look_15_21702_16508.jpg?v=1645896398
Canvas Trouser,pant,https://cdn.shopify.com/s/files/1/0628/7304/3159/products/2015-03-30_Jake_Look_15_21702_16515.jpg?v=1645896398
Balda Pant in Drop Crotch,pant,https://cdn.shopify.com/s/files/1/0628/7304/3159/products/2015-03-30_Jake_Look_19_21758_16570.jpg?v=1645896511
Balda Pant in Drop Crotch,pant,https://cdn.shopify.com/s/files/1/0628/7304/3159/products/2015-03-30_Jake_Look_19_21758_16583.jpg?v=1645896511
Balda Pant in Drop Crotch,pant,https://cdn.shopify.com/s/files/1/0628/7304/3159/products/2015-03-30_Jake_Look_19_21758_16588.jpg?v=1645896511
Balda Pant in Drop Crotch,pant,https://cdn.shopify.com/s/files/1/0628/7304/3159/products/2015-03-30_Jake_Look_19_21758_16575.jpg?v=1645896511
Balda Button Pant,pant,https://cdn.shopify.com/s/files/1/0628/7304/3159/products/2015-03-30_Jake_Look_29_23393_16719.jpg?v=1645896519
Balda Button Pant,pant,https://cdn.shopify.com/s/files/1/0628/7304/3159/products/2015-03-30_Jake_Look_29_23393_16721.jpg?v=1645896519
Balda Button Pant,pant,https://cdn.shopify.com/s/files/1/0628/7304/3159/products/2015-03-30_Jake_Look_31_21701_16740.jpg?v=1645896519
Balda Button Pant,pant,https://cdn.shopify.com/s/files/1/0628/7304/3159/products/2015-03-30_Jake_Look_31_21701_16745.jpg?v=1645896519
Baldo Pant,pant,https://cdn.shopify.com/s/files/1/0628/7304/3159/products/2015-03-30_Jake_Look_11_23633_16472.jpg?v=1645896830
Baldo Pant,pant,https://cdn.shopify.com/s/files/1/0628/7304/3159/products/2015-03-30_Jake_Look_11_23633_16468.jpg?v=1645896830
Baldo Pant,pant,https://cdn.shopify.com/s/files/1/0628/7304/3159/products/2015-03-30_Jake_Look_11_23633_16480.jpg?v=1645896830
Baldo Pant,pant,https://cdn.shopify.com/s/files/1/0628/7304/3159/products/2015-03-30_Jake_Look_12_23614_16486.jpg?v=1645896830
Bro Textured Belt,belt,https://cdn.shopify.com/s/files/1/0628/7304/3159/products/2015-07-08_Laydown_40556_24487.jpg?v=1645897053
Bro Textured Belt,belt,https://cdn.shopify.com/s/files/1/0628/7304/3159/products/2015-07-08_Laydown_40556_24476.jpg?v=1645897053
Bro Textured Belt,belt,https://cdn.shopify.com/s/files/1/0628/7304/3159/products/2015-07-08_Laydown_40556_24482.jpg?v=1645897053
Casual Classic Shirt,shirt,https://cdn.shopify.com/s/files/1/0628/7304/3159/products/2015-06-04-Matt_Look_40892_23159_copy.jpg?v=1645897305
Casual Classic Shirt,shirt,https://cdn.shopify.com/s/files/1/0628/7304/3159/products/2015-06-04-Matt_Look_40892_23161.jpg?v=1645897305
Casual Classic Shirt,shirt,https://cdn.shopify.com/s/files/1/0628/7304/3159/products/2015-06-04-Matt_Look_40892_23173_copy.jpg?v=1645897305
Casual Classic Shirt,shirt,https://cdn.shopify.com/s/files/1/0628/7304/3159/products/2015-06-04-Matt_Look_40892_23173.jpg?v=1645897305
Casual Indigo Shirt,shirt,https://cdn.shopify.com/s/files/1/0628/7304/3159/products/2015-06-04-Matt_Look_40884_23072.jpg?v=1645897323
Casual Indigo Shirt,shirt,https://cdn.shopify.com/s/files/1/0628/7304/3159/products/2015-06-04-Matt_Look_40884_23076_copy.jpg?v=1645897323
Casual Indigo Shirt,shirt,https://cdn.shopify.com/s/files/1/0628/7304/3159/products/2015-06-04-Matt_Look_40884_23081_copy.jpg?v=1645897323
Casual Indigo Shirt,shirt,https://cdn.shopify.com/s/files/1/0628/7304/3159/products/2015-06-04-Matt_Look_40884_23081.jpg?v=1645897323
Casual Indigo Shirt,shirt,https://cdn.shopify.com/s/files/1/0628/7304/3159/products/2015-06-04-Matt_Look_40884_23084.jpg?v=1645897323